"<h3><strong>Хотите порадовать свою любимую жену? Закажите букет цветов в нашем интернет-магазине цветов ""Цветофор""! Мы предлагаем широкий выбор красивых букетов для женщин по низким ценам.<strong></h3><br><h3><strong>Удобная доставка цветов на дом</strong></h3><p>Мы осуществляем доставку цветов по %city% и ближайшим окрестностям. Вам не нужно беспокоиться о том, как доставить букет своей жене - наш курьер привезет его прямо к двери. Мы гарантируем свежесть и качество наших цветов.</p><br><h3><strong>Широкий выбор цветов по низким ценам</strong></h3><p>В нашем интернет-магазине вы найдете букеты цветов на любой вкус и кошелек. Мы сотрудничаем с надежными производителями, поэтому можем предложить вам цветы высокого качества по доступным ценам. У нас вы сможете купить букет для жены недорого и порадовать ее приятным сюрпризом.</p><br><h3><strong>Заказать букет цветов для жены онлайн</strong></h3><p>Чтобы заказать букет цветов для жены, просто выберите понравившийся вам вариант на нашем сайте и оформите заказ. Мы гарантируем быструю обработку заказа и оперативную доставку. Все, что вам нужно сделать, это выбрать букет, указать адрес доставки и оплатить заказ онлайн.</p><br><h3><strong>Стоимость букета цветов для жены</strong></h3><p>Стоимость букета цветов для жены зависит от его состава и размера. На нашем сайте вы найдете подробную информацию о каждом букете, включая его цену. Мы предлагаем различные варианты букетов, чтобы вы могли выбрать то, что подходит именно вашей жене.</p><br><h3><strong>Список популярных букетов для женщин:</strong></h3><ul><li>Розы красные</li><li>Тюльпаны микс</li><li>Герберы яркие</li><li>Лилии белые</li><li>Пионы розовые</li></ul><br><h3><strong>Не упустите возможность порадовать свою жену красивым букетом цветов! Закажите букет для жены в нашем интернет-магазине ""Цветофор"" прямо сейчас!<strong></h3> ",title,desc,keywords,h1,text
/search?product=Роза+Эквадор,Букет роз купить в %city% с доставкой недорого по цене магазина Цветофор,Заказать розы в %city% с доставкой на дом недорого. Букет роз купить дешево от производителя с доставкой в %city% стоимость на сайте интернет-магазина Цветофор,,"Розы из Эквадора в %city%: купите недорого в ""Цветофоре""","<h3><strong>Непревзойденное качество и доступные цены на розы Эквадор</strong></h3>
<p>При выборе идеального букета для любого случая, розы из Эквадора являются символом красоты, любви и утонченности. Интернет магазин ""Цветофор"" предлагает эксклюзивные букеты роз напрямую от производителя, сочетая в себе высокое качество и доступные цены. Теперь купить эти уникальные цветы в %city% стало проще благодаря удобной доставке на дом.</p><br>
<h3><strong>Заказать розы Эквадора легко и быстро</strong></h3>
<ul>
<li>Выберите свой букет. Перейдите в каталог на нашем сайте и выберите букет, который отвечает вашим желаниям.</li>
<li>Укажите адрес доставки. Заполните необходимую информацию, чтобы мы могли доставить ваш заказ прямо к дверям.</li>
<li>Оплатите удобным способом. Мы предлагаем различные методы оплаты для вашего удобства.</li>
<li>Получите свой заказ. Наша служба доставки гарантирует, что ваш букет будет доставлен свежим и вовремя.</li>
</ul><br>
<h3><strong>Почему стоит выбрать розы Эквадора из ""Цветофора""?</strong></h3>
<ul>
<li>Высокое качество. Розы из Эквадора известны своими крупными бутонами и длительным сроком жизни после срезки.</li>
<li>Доступные цены. Мы предлагаем розы по ценам, которые удивят вас своей доступностью, делая роскошь доступной каждому.</li>
<li>Быстрая доставка в %city%. Закажите сегодня, и получите ваш букет в кратчайшие сроки.</li>
<li>Широкий ассортимент. В нашем каталоге вы найдете розы различных оттенков и размеров, подходящие для любого случая.</li>
</ul><br>
<h3><strong>Как найти идеальный букет на нашем сайте?</strong></h3>
<p>Наш сайт предлагает удобный поиск и фильтрацию, чтобы вы могли найти идеальный букет роз из Эквадора. Вы можете сортировать предложения по цене, популярности, и новизне, обеспечивая наилучший выбор для ваших нужд.</p><br>
<h3><strong>Сделайте свой выбор уже сегодня!</strong></h3>
<p>Не упустите возможность порадовать себя или ваших близких непревзойденным букетом роз из Эквадора. ""Цветофор"" гарантирует качество, доступность и удобство заказа, делая нас лучшим выбором для покупки цветов в %city%. Заказывайте сейчас и наслаждайтесь красотой и ароматом этих удивительных цветов уже завтра!</p>"
/search?product=Роза+России/Кении,,,,,
/search?product=Хризантема,Букет из хризантем заказать в %city% букет цветов с доставкой на дом по цене Цветофор,Купить букет из хризантем в %city% с доставкой недорого. Букет из хризантем заказать на дом дешево от производителя в %city% стоимость на сайте магазина Цветофор,,Хризантема,
/search?product=Альстромерия,Букет альстромерий заказать в %city% с доставкой по цене магазина Цветофор,Заказать букет альстромерий в %city% с доставкой недорого. Букет альстромерий недорогой купить онлайн в %city% стоимость интернет-магазина Цветофор,,"Альстромерии с доставкой в %city% от ""Цветофор""","<h3><strong>Выберите идеальный букет альстромерий в нашем интернет-магазине</strong></h3>
<p>Альстромерия, также известная как ""лилия инков"", является одним из самых популярных и любимых цветов благодаря своей уникальной красоте и долговечности в букете. Магазин ""Цветофор"" предлагает вам широкий выбор букетов альстромерий с доставкой на дом в %city%. Мы гарантируем свежесть и высокое качество цветов, прямые поставки от производителей, а также доступные цены, которые делают покупку еще приятнее.</p><br>
<h3><strong>Как оформить заказ?</strong></h3>
<ul>
<li>Выберите букет. В нашем ассортименте вы найдете альстромерии различных цветов и размеров букетов.</li>
<li>Добавьте букет в корзину. Укажите необходимое количество и перейдите к оформлению заказа.</li>
<li>Оформите заказ. Заполните форму с вашими контактными данными и адресом доставки.</li>
<li>Оплатите заказ. Вы можете выбрать удобный способ оплаты из предложенных вариантов.</li>
<li>Получите ваш букет. Наша служба доставки оперативно доставит выбранные цветы прямо к вашему порогу.</li>
</ul><br>
<h3><strong>Почему альстромерии от ""Цветофор"" &ndash; это лучший выбор?</strong></h3>
<ul>
<li>Широкий выбор. Мы предлагаем альстромерии различных оттенков и комбинаций, чтобы вы могли найти идеальный букет для любого случая.</li>
<li>Выгодные цены. Благодаря прямым поставкам от производителей, мы предлагаем недорогие цены на все букеты.</li>
<li>Свежесть цветов. Мы гарантируем, что каждый букет будет состоять из свежих и красивых цветов, которые сохранят свою свежесть долгое время.</li>
<li>Удобство заказа. Наш сайт предоставляет простой и удобный интерфейс для быстрого оформления заказа онлайн.</li>
</ul><br>
<h3><strong>Альстромерии для любого события</strong></h3>
<p>Альстромерии идеально подходят для любого события, будь то день рождения, юбилей, свадьба или просто как знак внимания и заботы. Эти цветы способны выразить самые теплые чувства и оставить незабываемые впечатления. ""Цветофор"" предлагает индивидуальные букеты и композиции из альстромерий, которые станут прекрасным дополнением к любому торжеству.</p><br>
<h3><strong>Оформите заказ на альстромерии прямо сейчас!</strong></h3>
<p>Не упустите возможность порадовать себя или своих близких прекрасным букетом альстромерий. Воспользуйтесь удобством нашего интернет-магазина ""Цветофор"" и заказывайте цветы у нас!</p>"
/search?product=Эустома,Эустомы цветы заказать в %city% букет цветов с доставкой на дом по цене Цветофор,Купить эустомы в %city% с доставкой недорого. Цветы эустомы заказать на дом дешево от производителя в %city% стоимость на сайте магазина Цветофор,,Купить эустомы в %city%: недорого и с доставкой на дом,"<h2><strong>Цветофор: ваш выбор для покупки эустом</strong></h2>
<p>Эустома &ndash; один из самых популярных и красивых цветов, которые можно купить в %city%. Своими нежными бутонами и разнообразием оттенков, эти цветы способны украсить любое событие. Интернет магазин Цветофор предлагает широкий ассортимент букетов из эустом по привлекательным ценам, обеспечивая доставку прямо на дом.</p>
<h3><strong>Почему стоит выбрать эустому?</strong></h3>
<p>Эустома известна не только своей красотой, но и удивительной способностью долго сохранять свежесть после срезки. Это делает её идеальным выбором для букета, который будет радовать вас или ваших близких на протяжении длительного времени. Купить эустому недорого в %city% теперь проще простого, благодаря магазина Цветофор.</p>
<h4>Как оформить заказ?</h4>
<p>Заказать букет эустом в %city% через наш сайт легко и удобно. Вам нужно всего лишь выбрать понравившийся букет, добавить его в корзину и указать адрес доставки. Мы обеспечим оперативную доставку на дом, позволяя вам наслаждаться красотой этих цветов без лишних хлопот.</p>
<h3><strong>Выгодное предложение: цена и качество</strong></h3>
<p>Цветофор сотрудничает напрямую с производителями эустом, что позволяет нам предложить вам цветы по самым выгодным ценам в %city%. Мы гарантируем высокое качество каждого букета, собираемого нашими опытными флористами, а стоимость остается доступной для каждого.</p>
<h4>Доставка на дом: просто и быстро</h4>
<p>Воспользовавшись услугами доставки магазина Цветофор, вы получите свой заказ точно в срок и в идеальном состоянии. Наша служба доставки работает быстро и эффективно, чтобы каждый букет эустом доставлялся непосредственно на дом недорого и без задержек.</p>
<h2><strong>Цветофор: надежный интернет магазин для покупки эустом в %city%</strong></h2>
<p>Выбирая Цветофор для покупки букета из эустом, вы выбираете качество, доступность и удобство. Наш сайт предлагает широкий выбор цветов и букетов, подходящих для любого случая. Сделайте заказ сегодня, чтобы украсить ваш день или сделать приятный сюрприз близким с помощью великолепных букетов эустом.</p>"
/search?product=Диантус,Диантусы цветы заказать в %city% букет цветов с доставкой на дом по цене Цветофор,Купить букет диантусов в %city% с доставкой недорого. Диантусы заказать на дом дешево от производителя в %city% стоимость на сайте магазина Цветофор,,Купить букет диантуса в %city%: недорогая доставка от Цветофор,"<h3><strong>Великолепие диантуса доступно каждому</strong></h3>
<p>Диантус, известный также как гвоздика, является одним из самых популярных цветов для букетов благодаря своей яркости и долговечности. Интернет магазин Цветофор предлагает купить букет диантуса в %city% по привлекательной цене. Мы обеспечиваем быструю доставку на дом, делая покупку цветов удобной и приятной.</p><br>
<h3><strong>Почему выбирают диантус?</strong></h3>
<ul>
<li>Разнообразие оттенков. Диантус поражает палитрой цветов, от нежно-розовых до насыщенных красных оттенков.</li>
<li>Долговечность. Букеты диантуса сохраняют свежесть и красоту на протяжении долгого времени.</li>
<li>Универсальность. Эти цветы подойдут для любого случая, будь то день рождения, свадьба или просто как знак внимания.</li>
</ul><br>
<h3><strong>Как заказать?</strong></h3>
<p>Заказать букет диантуса в %city% очень просто. Необходимо только выбрать понравившуюся композицию на сайте магазина Цветофор, указать адрес доставки и способ оплаты. Мы гарантируем, что цветы будут доставлены вовремя и в отличном состоянии.</p><br>
<h3><strong>Цена и качество от производителя</strong></h3>
<p>Цветофор сотрудничает напрямую с производителями диантуса, что позволяет нам предложить недорогие цены без ущерба для качества. Каждый букет собирается непосредственно перед доставкой, чтобы вы могли насладиться свежестью цветов как можно дольше.</p><br>
<h3><strong>Доставка на дом: удобно и быстро</strong></h3>
<p>Мы предлагаем услугу доставки на дом по всему %city%, что делает покупку цветов еще более удобной. Заказать букет диантуса можно в любое время дня и ночи через наш интернет магазин, а наши курьеры доставят его прямо к вашей двери.</p><br>
<h3><strong>Цветофор: ваш выбор для покупки диантуса в %city%</strong></h3>
<p>Выбирая Цветофор для заказа букета диантуса, вы получаете не только красивые цветы по доступной стоимости, но и высококлассный сервис. Наш сайт предлагает широкий ассортимент цветов и букетов на любой вкус и бюджет. Порадуйте себя или близких прекрасными диантусами уже сегодня!</p>"
/catalog/tags/biznes-bukety,Бизнес-букет заказать в %city% с доставкой недорого по цене магазина Цветофор,"Купить бизнес-букет в %city% онлайн с доставкой на дом. Заказать цветы бизнес-букет недорого в %city%, стоимость на сайте интернет-магазина Цветофор",,Купить Бизнес-букеты в %city%: Выгодное Предложение от Цветофор,"<h3><strong>Уникальные букеты для вашего бизнеса от лидера рынка</strong></h3>
<p>В современном мире бизнес-букеты стали неотъемлемой частью корпоративной культуры. Интернет-магазин ""Цветофор"" предлагает широкий ассортимент цветов для любого события в %city%. Наши букеты - это не просто цветы, это ваш способ выразить уважение, благодарность и внимание к партнерам и коллегам.</p><br>
<h3><strong>Почему стоит заказать бизнес-букеты в ""Цветофор""?</strong></h3>
<ul>
<li>Широкий ассортимент: от классических роз до экзотических орхидей.</li>
<li>Доставка на дом: оперативно и в удобное для вас время.</li>
<li>Цена и качество: прямые поставки от производителя позволяют нам предлагать недорогие букеты без ущерба для качества.</li>
<li>Удобство заказа: легко и быстро заказать букет онлайн на сайте нашего интернет-магазина.</li>
</ul><br>
<h3><strong>Как выбрать и купить бизнес-букет в %city%?</strong></h3>
<p>Выбор бизнес-букета зависит от множества факторов: предпочтений получателя, характера мероприятия, и, конечно же, вашего бюджета. На сайте ""Цветофор"" вы найдете подробные описания и фотографии букетов, что упростит выбор. Мы предлагаем:</p>
<ul>
<li>Розы &ndash; символ уважения и профессионализма.</li>
<li>Лилии &ndash; для выражения благодарности.</li>
<li>Орхидеи &ndash; знак особого внимания и уважения.</li>
<li>Смешанные букеты &ndash; для яркого и запоминающегося подарка.</li>
</ul><br>
<h3><strong>Доставка бизнес-букетов в %city%: быстро, надежно, недорого</strong></h3>
<p>Заказывая букеты в ""Цветофор"", вы можете быть уверены в быстрой и аккуратной доставке прямо на дом или в офис. Мы понимаем важность каждого заказа и гарантируем, что ваш подарок будет доставлен вовремя и в идеальном состоянии.</p><br>
<h3><strong>Оформите заказ прямо сейчас!</strong></h3>
<p>Не упустите возможность произвести впечатление на ваших партнеров и коллег с помощью изысканных букетов от ""Цветофор"". Переходите на сайт нашего интернет-магазина, выбирайте и заказывайте бизнес-букеты онлайн с доставкой в %city% по самым привлекательным ценам.</p>
<p>Сделайте ваш бизнес еще более успешным и запоминающимся с помощью красоты и аромата свежих цветов!</p>"
/catalog/tags/iarkie-buketiki,Яркие букеты цветов заказать в %city% с доставкой недорого по цене магазина Цветофор,"Купить яркий букет цветов в %city% онлайн с доставкой на дом. Заказать яркий нежный букет цветов недорого в %city%, стоимость на сайте интернет-магазина Цветофор",,Яркие Букеты в %city%: Купите в Подарок от Цветофор,"<h3><strong>Подарите радость яркими букетами от ведущего магазина города</strong></h3>
<p>Яркие букеты &ndash; это не просто цветы, это воплощение радости, праздника и хорошего настроения. Интернет-магазин ""Цветофор"" предлагает вам огромный выбор насыщенных и запоминающихся композиций, которые станут идеальным подарком для ваших близких в %city%. Наши букеты собраны из свежайших цветов, которые мы доставляем непосредственно от производителя, гарантируя их высочайшее качество и долговечность.</p><br>
<h3><strong>Почему стоит выбрать нас?</strong></h3>
<ul>
<li>Впечатляющий ассортимент: у нас есть букеты на любой вкус - от классических роз до экзотических орхидей и редких видов цветов.</li>
<li>Доступные цены: благодаря прямым поставкам, мы предлагаем яркие букеты по очень привлекательным ценам в %city%.</li>
<li>Удобная доставка на дом: ваш букет будет доставлен быстро и в идеальном состоянии.</li>
<li>Легкость заказа: купить яркий букет можно в несколько кликов на сайте нашего интернет магазина.</li>
</ul><br>
<h3><strong>Как выбрать идеальный яркий букет?</strong></h3>
<p>При выборе букета стоит учитывать индивидуальные предпочтения получателя и повод, на который он предназначается. В ""Цветофор"" вы найдете букеты, идеально подходящие для любого случая:</p>
<ul>
<li>Для романтического вечера - выбирайте букеты из алых роз или гербер.</li>
<li>На день рождения - яркие смешанные композиции поднимут настроение и украсят любой праздник.</li>
<li>Как знак внимания - солнечные букеты из желтых тюльпанов или лилий.</li>
<li>Для особенного события - эксклюзивные букеты с редкими видами цветов, которые оставят незабываемые впечатления.</li>
</ul><br>
<h3><strong>Доставка ярких букетов в %city%: быстро и без хлопот</strong></h3>
<p>Заказывая букет в ""Цветофор"", вы можете быть уверены, что ваш подарок будет доставлен вовремя, сохраняя всю свежесть и красоту цветов. Мы заботимся о каждом клиенте и стремимся сделать процесс выбора и покупки букета максимально удобным и приятным.</p><br>
<h3><strong>Закажите яркий букет прямо сейчас!</strong></h3>
<p>Сделайте ваш подарок незабываемым с помощью ярких букетов от ""Цветофор"". Посетите наш сайт и выберите идеальный букет, который мы доставим прямо на дом в %city% по самым выгодным ценам. Подарите своим близким не просто цветы, а настоящий заряд позитива!</p>"
/catalog/tags/den-rozdeniia,Цветы на День рождения заказать в %city% с доставкой недорого по цене магазина Цветофор,Купить цветы на День рождения в %city% с доставкой на дом. Заказать букет цветов на День рождения недорого в %city% по цене на сайте интернет-магазина Цветофор,,Букеты на День Рождения в %city%: Сюрприз от Цветофор,"<h3><strong>Подарите радость и красоту с букетами на любой вкус</strong></h3>
<p>День рождения &ndash; это особенный праздник, который каждый из нас ждет с нетерпением. Подарить букет цветов на этот день &ndash; значит выразить свои чувства, внимание и уважение к имениннику. Интернет-магазин ""Цветофор"" предлагает широкий выбор цветочных композиций для празднования дня рождения в %city%. Мы гарантируем свежесть и качество каждого букета, а также предлагаем удобную и быструю доставку прямо на дом.</p><br>
<h3><strong>Почему выбирают нас для покупки букетов на день рождения?</strong></h3>
<ul>
<li>Широкий ассортимент: от классических роз до экзотических орхидей и редких видов цветов.</li>
<li>Выгодные цены: благодаря прямым поставкам от производителя, мы предлагаем аттрактивные цены на все букеты.</li>
<li>Быстрая доставка: доставим ваш заказ в любую точку %city% точно в срок.</li>
<li>Легкость в заказе: на сайте нашего интернет-магазина вы легко подберете идеальный букет и оформите заказ онлайн.</li>
</ul><br>
<h3><strong>Как выбрать букет на день рождения?</strong></h3>
<p>Выбор букета &ndash; это всегда приятное, но ответственное задание. Чтобы упростить ваш выбор, предлагаем несколько популярных вариантов:</p>
<ul>
<li>Розы &ndash; классический и всегда актуальный выбор, подходящий как для женщин, так и для мужчин.</li>
<li>Герберы &ndash; яркие и позитивные, они способны подарить летнее настроение в любое время года.</li>
<li>Тюльпаны &ndash; символ весны и обновления, отлично подходят для дней рождения в весенний период.</li>
<li>Смешанные букеты &ndash; сочетание разных цветов и оттенков для тех, кто ищет что-то уникальное и неповторимое.</li>
</ul><br>
<h3><strong>Доставка букетов на день рождения в %city%: оперативно и аккуратно</strong></h3>
<p>С ""Цветофор"" вы можете не беспокоиться о доставке. Мы гарантируем, что ваш подарок будет доставлен в лучшем виде и точно в срок, чтобы сделать праздник еще более ярким и запоминающимся.</p><br>
<h3><strong>Сделайте заказ прямо сейчас!</strong></h3>
<p>Не упускайте возможность порадовать именинника уникальным и красивым букетом от ""Цветофор"". Посетите наш сайт, выберите идеальный букет и оформите заказ онлайн с доставкой на дом в %city%. Пусть этот день рождения будет наполнен только счастьем, радостью и красивыми цветами!</p>"
/catalog/tags/cvety-dlia-muzciny,Букеты для мужчин заказать в %city% с доставкой недорого по цене магазина Цветофор,"Мужской букет цветов купить в %city% онлайн с доставкой на дом. Заказать букет цветов для мужчины недорого в %city%, стоимость на сайте интернет-магазина Цветофор",,Цветы для мужчины в %city%: идеальный подарок с доставкой на дом,"<h3><strong>Почему стоит выбрать букет для мужчины в магазине ""Цветофор""</strong></h3>
<p>В нашем интернет-магазине ""Цветофор"" в %city% вы найдете широкий ассортимент цветов для мужчин, которые станут отличным подарком на любой случай. Будь то День Рождения, профессиональный праздник или жест внимания, качественные и недорогое цветы с доставкой на дом подчеркнут ваше уважение и заботу.</p><br>
<h3><strong>Какие цветы выбрать для мужчины</strong></h3>
<p>Выбор цветов для мужчины &ndash; это искусство. Мы предлагаем разнообразие букетов, которые будут уместны:</p>
<ul>
<li>Классические розы красного и бордового оттенков</li>
<li>Строгие ирисы и хризантемы</li>
<li>Элегантные орхидеи и каллы</li>
</ul><br>
<h3><strong>Преимущества заказа в ""Цветофор""</strong></h3>
<ul>
<li>Недорогие цены. Мы гарантируем лучшее соотношение цены и качества.</li>
<li>Удобство заказа. Заказать цветы для мужчины онлайн в %city% проще простого на нашем сайте.</li>
<li>Быстрая доставка. Ваш подарок будет доставлен точно в срок прямо на дом или в офис.</li>
<li>Широкий ассортимент. От классических букетов до эксклюзивных композиций от производителя.</li>
</ul><br>
<h3><strong>Как купить цветы для мужчины в %city%</strong></h3>
<p>Чтобы купить цветы для мужчины в %city%, достаточно:</p>
<ul>
<li>Выбрать подходящий букет на сайте интернет магазина ""Цветофор"".</li>
<li>Оформить заказ, указав адрес доставки и предпочтительное время.</li>
<li>Оплатить заказ удобным способом.</li>
</ul><br>
<h3><strong>Заказать цветы для мужчины в %city% недорого</strong></h3>
<p>Не упустите возможность выразить свои чувства с помощью красивого букета. ""Цветофор"" &ndash; ваш надежный помощник в выборе и доставке цветов для мужчины в %city%. Станьте частью нашего мира красоты и заботы уже сегодня!</p>"
/catalog/tags/cvety-dlia-podrugi,Цветы для подруги заказать в %city% с доставкой недорого по цене магазина Цветофор,"Цветы для подруги купить в %city% онлайн с доставкой на дом. Заказать букет цветов для подруги недорого в %city%, стоимость на сайте интернет-магазина Цветофор",,"Цветы для подруги в %city%: выбор, который радует сердце","<h3><strong>Подарите радость с магазином ""Цветофор""</strong></h3>
<p>Порадуйте свою подругу в %city%, подарив ей изысканный букет от магазина ""Цветофор"". Наш интернет магазин предлагает широкий выбор цветов для подруги, которые станут идеальным подарком для любого повода. От тонких роз до ярких тюльпанов &ndash; у нас вы найдете то, что точно придется по вкусу вашей подруге.</p><br>
<h3><strong>Лучшие идеи цветов для подруги</strong></h3>
<p>Выбор цветов &ndash; это возможность показать ваше внимание и заботу. Вот некоторые популярные варианты, доступные в нашем магазине:</p>
<ul>
<li>Розы различных оттенков для выражения нежности и уважения</li>
<li>Лилии как символ чистоты и женственности</li>
<li>Герберы для создания яркого и позитивного настроения</li>
</ul><br>
<h3><strong>Преимущества покупки в ""Цветофор""</strong></h3>
<ul>
<li>Доступные цены. Мы предлагаем конкурентные цены на все букеты, делая ваш подарок не только красивым, но и выгодным.</li>
<li>Простота заказа. Заказать цветы для подруги онлайн в %city% теперь легко и удобно через наш сайт.</li>
<li>Оперативная доставка. Мы гарантируем своевременную доставку цветов на дом, сохраняя их свежесть и красоту.</li>
<li>Широкий ассортимент от производителя. Наш интернет магазин предлагает разнообразие букетов и композиций для любого вкуса.</li>
</ul><br>
<h3><strong>Как купить цветы для подруги в %city%</strong></h3>
<p>Для покупки цветов для подруги достаточно выполнить несколько простых шагов:</p>
<ul>
<li>Выберите понравившийся букет на сайте магазина ""Цветофор"".</li>
<li>Укажите адрес доставки и предпочтительное время.</li>
<li>Оплатите заказ одним из удобных способов.</li>
</ul><br>
<h3><strong>Заказать цветы для подруги недорого в %city%</strong></h3>
<p>""Цветофор"" предлагает вам уникальную возможность выразить свои чувства, подарив цветы для подруги в %city%. С нами вы можете легко найти и заказать идеальный букет, который будет говорить за вас. Выбирайте ""Цветофор"" для доставки радости и красоты!</p>"
/catalog/tags/cvety-dlia-zenshhiny,Цветы женщине купить в %city% с доставкой недорого по цене магазина Цветофор,"Цветы для женщины купить в %city% онлайн с доставкой на дом. Заказать букет цветов для женщины недорого в %city%, стоимость на сайте интернет-магазина Цветофор",,Цветы для женщины: выбор и доставка в %city%,"<h3><strong>Великолепный выбор букетов в ""Цветофор""</strong></h3>
<p>Когда дело доходит до выбора подарка для особенного случая, букет цветов является идеальным вариантом, чтобы выразить свои чувства. Интернет-магазин ""Цветофор"" в %city% предлагает широкий ассортимент цветов для женщины по привлекательным ценам. У нас вы найдете идеальный букет, который подойдет для любого события - будь то день рождения, юбилей или просто жест внимания.</p><br>
<h3><strong>Купить цветы недорого: стоимость и доставка</strong></h3>
<p>Мы понимаем, как важно предложить качественные цветы по доступной цене. В ""Цветофор"" вы можете купить букеты недорого, не беспокоясь о качестве. Мы сотрудничаем непосредственно с производителями, что позволяет нам предлагать цветы по лучшей стоимости в %city%.</p><br>
<h3><strong>Услуга доставки цветов на дом</strong></h3>
<p>Для вашего удобства мы предлагаем услугу доставки цветов на дом. Заказать доставку можно прямо на сайте нашего интернет-магазина. Мы гарантируем, что ваш букет будет доставлен вовремя и сохранит свою свежесть и красоту.</p><br>
<h3><strong>Почему выбирают нас?</strong></h3>
<ul>
<li>Широкий ассортимент. В нашем каталоге вы найдете букеты на любой вкус и бюджет.</li>
<li>Доступные цены. Мы предлагаем конкурентоспособные цены и отличное качество.</li>
<li>Удобная доставка. Заказывайте цветы с доставкой на дом, чтобы сделать сюрприз без лишних хлопот.</li>
<li>Простота заказа. Оформление заказа на сайте занимает всего несколько минут.</li>
</ul><br>
<p>Выбирая ""Цветофор"" для покупки цветов в %city%, вы получаете не только качественный сервис, но и возможность порадовать близких без лишних затрат. Посетите наш сайт и выберите идеальный букет уже сегодня!</p>"
/catalog/tags/cvety-dlia-mamy,Цветы для мамы купить в %city% с доставкой недорого по цене магазина Цветофор,"Цветы для мамы купить в %city% онлайн с доставкой на дом. Заказать букет цветов для мамы недорого в %city%, стоимость на сайте интернет-магазина Цветофор",,Цветы для мамы: ваш выбор в %city%,"<h3><strong>Особенные букеты для особенных мам в ""Цветофор""</strong></h3>
<p>Нет лучшего способа сказать ""Спасибо"" и ""Я тебя люблю"" вашей маме, чем подарить ей великолепный букет цветов. В нашем интернет-магазине ""Цветофор"" в %city% вы найдете широкий ассортимент цветов для мамы, который поможет вам выразить ваши чувства. Мы предлагаем букеты различных стилей и размеров, чтобы вы могли выбрать идеальный вариант, отвечающий вашим предпочтениям и бюджету.</p><br>
<h3><strong>Недорого купить цветы: доступные цены и доставка</strong></h3>
<p>Ценность подарка не измеряется его стоимостью, а искренностью ваших чувств. В ""Цветофор"" вы можете купить букеты недорого, не жертвуя качеством. Мы предлагаем конкурентные цены на все наши цветы, благодаря прямым поставкам от производителей. Доставка цветов на дом в %city% позволит вам сделать сюрприз маме, не выходя из дома.</p><br>
<h3><strong>Зачем выбирать ""Цветофор""?</strong></h3>
<p>При выборе цветов для мамы важно учитывать не только красоту букета, но и качество сервиса. Вот почему наши клиенты выбирают нас:</p>
<ul>
<li>Широкий выбор букетов. У нас есть цветы на любой вкус и кошелек.</li>
<li>Выгодные цены. Мы предлагаем букеты по привлекательным ценам без компромиссов по качеству.</li>
<li>Быстрая доставка. Воспользуйтесь нашей услугой доставки, чтобы ваш подарок был доставлен точно в срок.</li>
<li>Простота покупки. Оформить заказ на сайте можно за несколько минут.</li>
</ul><br>
<p>Покупая цветы для мамы в ""Цветофор"", вы не только делаете приятный сюрприз, но и демонстрируете заботу и любовь. Наш сайт предлагает удобный онлайн-каталог, где вы можете выбрать и заказать идеальный букет в %city% всего за несколько кликов. Сделайте заказ сегодня, чтобы радовать свою маму красивыми цветами завтра!</p>"
/catalog/tags/cvety-dlia-liubimoi,Цветы для любимой девушки купить в %city% с доставкой недорого по цене магазина Цветофор,"Цветы для девушки купить в %city% онлайн с доставкой на дом. Заказать цветы любимой девушке недорого в %city%, стоимость на сайте интернет-магазина Цветофор",,Цветы для любимой: выбор и доставка в %city%,"<h3><strong>Подарите эмоции с букетами от ""Цветофор""</strong></h3>
<p>Выбор цветов для любимой девушки - это не просто покупка, это возможность показать свои чувства и заботу. В ""Цветофор"", вашем надежном интернет магазине в %city%, представлен широкий ассортимент букетов, который поможет вам выразить любовь и признательность. У нас вы найдете идеальные цветы для любимой, которые станут отражением ваших искренних эмоций.</p><br>
<h3><strong>Купить цветы недорого: стоимость и доставка</strong></h3>
<p>Мы знаем, что важно предложить вам не только качественные, но и доступные варианты. В ""Цветофор"" вы можете купить букеты недорого, благодаря прямым закупкам от производителей.</p>
<p>то позволяет нам держать цены низкими без ущерба для качества. Кроме того, мы предлагаем удобную доставку цветов на дом в %city%, чтобы сделать ваш подарок еще более приятным сюрпризом.</p><br>
<h3><strong>Почему стоит выбрать ""Цветофор""?</strong></h3>
<p>При покупке цветов для любимой, каждая деталь важна. Выбирая нас, вы получаете:</p>
<ul>
<li>Разнообразие букетов. От классических роз до экзотических композиций &ndash; выбор за вами.</li>
<li>Доступные цены. Мы предлагаем букеты по выгодным ценам, доступным каждому.</li>
<li>Удобство доставки. Быстрая и аккуратная доставка на дом удивит и порадует вашу любимую.</li>
<li>Легкость заказа. Наш сайт позволяет легко выбрать и заказать идеальный букет онлайн.</li>
</ul><br>
<p>Дарите цветы с ""Цветофор"" и делайте каждый момент с вашей любимой незабываемым. Наш интернет магазин в %city% &ndash; это ваш надежный помощник в выборе цветов, которые точно покорят сердце вашей избранницы. Заказывайте сегодня, чтобы удивить и порадовать ее уже завтра!</p>"
/catalog/tags/cvety-dlia-zeny,Цветы для жены заказать в %city% с доставкой на дом по цене магазина Цветофор,"Цветы жене заказать в %city% онлайн с доставкой на дом. Купить цветы жене домой недорого в %city%, стоимость на сайте интернет-магазина Цветофор",,Купить букет цветов для жены в %city%,"<h3><strong>Хотите порадовать свою любимую жену? Закажите букет цветов в нашем интернет-магазине цветов ""Цветофор""! Мы предлагаем широкий выбор красивых букетов для женщин по низким ценам.</strong></h3><br>
<h3><strong>Удобная доставка цветов на дом</strong></h3>
<p>Мы осуществляем доставку цветов по %city% и ближайшим окрестностям. Вам не нужно беспокоиться о том, как доставить букет своей жене - наш курьер привезет его прямо к двери. Мы гарантируем свежесть и качество наших цветов.</p><br>
<h3><strong>Широкий выбор цветов по низким ценам</strong></h3>
<p>В нашем интернет-магазине вы найдете букеты цветов на любой вкус и кошелек. Мы сотрудничаем с надежными производителями, поэтому можем предложить вам цветы высокого качества по доступным ценам. У нас вы сможете купить букет для жены недорого и порадовать ее приятным сюрпризом.</p><br>
<h3><strong>Заказать букет цветов для жены онлайн</strong></h3>
<p>Чтобы заказать букет цветов для жены, просто выберите понравившийся вам вариант на нашем сайте и оформите заказ. Мы гарантируем быструю обработку заказа и оперативную доставку. Все, что вам нужно сделать, это выбрать букет, указать адрес доставки и оплатить заказ онлайн.</p><br>
<h3><strong>Стоимость букета цветов для жены</strong></h3>
<p>Стоимость букета цветов для жены зависит от его состава и размера. На нашем сайте вы найдете подробную информацию о каждом букете, включая его цену. Мы предлагаем различные варианты букетов, чтобы вы могли выбрать то, что подходит именно вашей жене.</p><br>
<h3><strong>Список популярных букетов для женщин:</strong></h3>
<ul>
<li>Розы красные</li>
<li>Тюльпаны микс</li>
<li>Герберы яркие</li>
<li>Лилии белые</li>
<li>Пионы розовые</li>
</ul><br>
<h3><strong>Не упустите возможность порадовать свою жену красивым букетом цветов! Закажите букет для жены в нашем интернет-магазине ""Цветофор"" прямо сейчас!</strong></h3>"
/catalog/tags/8-marta,Цветы на 8 марта заказать в %city% с доставкой недорого по цене магазина Цветофор,Купить цветы на 8 марта в %city% с доставкой на дом. Заказать букет цветов на 8 марта недорого в %city% по цене на сайте интернет-магазина Цветофор,,Букеты к 8 Марта в %city%: идеальные цветы от Цветофора,"<h3><strong>Подарите радость на Женский день с доставкой на дом</strong></h3>
<p>Международный женский день, 8 марта, &mdash; идеальное время, чтобы выразить свои чувства и уважение к важным женщинам в вашей жизни. Интернет магазин Цветофор предлагает вам широкий выбор букетов и цветочных композиций, чтобы сделать этот день по-настоящему незабываемым. Купить цветы к 8 Марта в %city% теперь проще простого благодаря нашему сайту, предлагающему недорогую и быструю доставку прямо на дом.</p><br>
<h3><strong>Почему стоит выбрать Цветофор?</strong></h3>
<p>Цветофор &mdash; ваш надежный проводник в мире цветов на 8 марта. Мы предлагаем:</p>
<ul>
<li>Широкий ассортимент. От классических роз до экзотических орхидей &mdash; у нас есть все, чтобы удивить и порадовать.</li>
<li>Недорогие цены. Мы работаем напрямую с производителями, что позволяет нам предложить вам лучшие цены в %city%.</li>
<li>Быстрая доставка. Заказать цветы на дом к 8 марта можно онлайн, и наши курьеры доставят их точно в срок.</li>
</ul><br>
<h3><strong>Как оформить заказ?</strong></h3>
<p>Выбрать идеальный букет для 8 марта на нашем сайте очень просто. Вам нужно только выбрать понравившийся букет, добавить его в корзину, указать адрес и время доставки. Мы гарантируем, что ваш заказ будет выполнен аккуратно и вовремя.</p><br>
<h3><strong>Подарки к Женскому дню: качество и стиль</strong></h3>
<p>В Цветофоре каждый букет к 8 марта собирается с особой заботой и вниманием к деталям. Мы гарантируем свежесть и качество цветов, что делает каждый наш букет идеальным подарком на Женский день. Купить цветы онлайн в %city% теперь не только удобно, но и выгодно.</p><br>
<h3><strong>Доставка цветов к 8 марта: удобно и быстро</strong></h3>
<p>С Цветофором подарить цветы к 8 марта стало еще проще. Наша служба доставки обеспечит быструю и аккуратную доставку вашего букета прямо на дом. Позвольте нам помочь сделать этот Женский день по-настоящему особенным для вас и ваших близких.</p><br>
<h3><strong>Цветофор: ваш выбор для покупки цветов на 8 марта онлайн</strong></h3>
<p>Выбирая Цветофор для покупки цветов к Женскому дню в %city%, вы выбираете качество, удобство и непревзойденный сервис. Наш сайт предлагает лучший выбор цветов и букетов для того, чтобы сделать 8 марта незабываемым. Оформите заказ уже сегодня и подарите радость важным</p>"
/catalog/tags/bez-povoda,Цветы на каждый день заказать в %city% с доставкой недорого без повода по цене магазина Цветофор,Купить красивые цветы без повода в %city% на каждый день с доставкой на дом. Заказать букет цветов без повода недорого в %city% по цене на сайте интернет-магазина Цветофор,,Цветы без повода в %city%: каждый день особенный с Цветофором,"<h3><strong>Подарите радость без особого повода</strong></h3>
<p>Не нужен особый повод, чтобы сделать день ярче с помощью красивого букета. Интернет магазин Цветофор предлагает вам широкий выбор цветов на каждый день, которые можно купить с доставкой на дом в %city%. Наши цветы без повода &mdash; это идеальный способ показать вашу заботу и внимание близким, друзьям или коллегам.</p><br>
<h3><strong>Цветы на каждый день: простота и красота</strong></h3>
<p>Выбирая букет без особого повода, вы выбираете радость на каждый день. Цветофор предлагает цветы недорого, делая возможным чаще радовать себя и близких без ущерба для бюджета. Наш сайт предоставляет удобную возможность заказать цветы онлайн с гарантией свежести и качества от производителя.</p><br>
<h3><strong>Как заказать?</strong></h3>
<p>Заказать букет на каждый день в %city% проще простого. Посетите наш сайт, выберите понравившиеся цветы и добавьте их в корзину. Укажите адрес доставки, и наша служба доставки привезет ваш заказ прямо на дом.</p><br>
<h3><strong>Цена и качество: доступные цветы каждый день</strong></h3>
<p>Цветофор сотрудничает напрямую с производителями, что позволяет нам предложить вам цветы по выгодной цене без потери качества. Мы гарантируем, что каждый букет будет собран с заботой и вниманием к деталям, даря вам и вашим близким только положительные эмоции.</p><br>
<h3><strong>Доставка цветов без повода: удобство и забота</strong></h3>
<p>Цветофор заботится о том, чтобы доставка цветов в %city% была максимально удобной и быстрой. Воспользовавшись нашим сервисом, вы можете быть уверены, что ваш подарок без повода доставят точно в срок, подчеркивая вашу заботу и внимание.</p><br>
<h3><strong>Цветофор: ваш интернет магазин цветов на каждый день</strong></h3>
<p>Выбрав Цветофор для покупки цветов без особого повода, вы получаете не только качественные и свежие букеты, но и высокий уровень сервиса. Наш сайт предлагает лучший выбор и удобную доставку, делая каждый день особенным. Оформите заказ уже сегодня, чтобы подарить радость себе и вашим близким без всякого повода.</p>"
/catalog/tags/samye-iarkie-i-socnye-bukety,Самые яркие букеты заказать в %city% с доставкой на дом по цене магазина Цветофор,Купить букеты из самых ярких цветов в %city% с доставкой на дом. Заказать самые яркие букеты недорого в %city% по цене на сайте интернет-магазина Цветофор,,Яркие букеты от Цветофора: купить в %city% с доставкой,"<h3><strong>Оживите свой дом самым ярким букетом</strong></h3>
<p>В мире цветов яркость играет ключевую роль, принося радость и позитив в каждый день. Интернет магазин Цветофор предлагает вам самые яркие и сочные букеты, которые можно купить в %city% по выгодной цене. Наша доставка на дом гарантирует, что эти ослепительные цветы будут доставлены к вашему порогу быстро и недорого.</p><br>
<h3><strong>Почему выбирают наши яркие букеты?</strong></h3>
<p>Яркий букет от Цветофора &ndash; это не просто цветы, это воплощение радости и красоты. Мы предлагаем:</p>
<ul>
<li>Непревзойденное качество. Каждый букет собирается из свежайших цветов, поступающих непосредственно от производителя.</li>
<li>Выгодные цены. Наша цель &mdash; сделать самые яркие букеты доступными для каждого жителя %city%.</li>
<li>Удобная доставка. Заказать доставку на дом можно онлайн, не отходя от своих ежедневных дел.</li>
</ul><br>
<h3><strong>Как сделать заказ?</strong></h3>
<p>Выбор и покупка яркого букета на сайте Цветофор проще простого. Достаточно выбрать букет, который вам по душе, добавить его в корзину, указать адрес и время доставки. Мы обеспечим, чтобы ваш заказ был доставлен точно в срок.</p><br>
<h3><strong>Сделайте свой выбор среди самых ярких букетов</strong></h3>
<p>Наш каталог предлагает широкий ассортимент самых ярких букетов, способных удовлетворить любой вкус и предпочтение. От классических роз до экзотических орхидей &mdash; каждый найдет что-то особенное для себя или в качестве подарка для близких.</p><br>
<h3><strong>Доставка вашего яркого букета: быстро и без хлопот</strong></h3>
<p>С Цветофором доставка цветов в %city% становится удобной и беззаботной. Наша служба доставки гарантирует, что каждый букет будет доставлен в идеальном состоянии, сохраняя все оттенки яркости и свежести цветов.</p><br>
<h3><strong>Цветофор: ваш источник самых ярких букетов в %city%</strong></h3>
<p>Выбирая Цветофор для покупки яркого букета онлайн, вы выбираете качество, удобство и выгодные цены. Посетите наш сайт сегодня, чтобы заказать самый яркий букет, который наполнит ваш дом или офис красками и позитивом. Оживите свою обстановку с помощью великолепных цветов от Цветофора!</p>"
/catalog/tags/kollege,Цветы для коллеги заказать в %city% с доставкой на дом по цене магазина Цветофор,"Цветы для коллеги купить в %city% онлайн с доставкой на дом. Заказать букет цветов коллеге недорого в %city%, стоимость на сайте интернет-магазина Цветофор",,Идеальные букеты для коллеги в %city% от Цветофора,"<h3><strong>Подарите радость вашим коллегам</strong></h3>
<p>Выбор подарка для коллеги может быть сложной задачей, но букет цветов всегда остается универсальным и приятным решением. Интернет магазин Цветофор предлагает вам широкий выбор букетов, которые идеально подойдут для коллеги, независимо от случая. На нашем сайте вы можете купить цветы для коллеги в %city%, предлагая недорогие цены и удобную доставку на дом или прямо в офис.</p><br>
<h3><strong>Почему цветы &mdash; идеальный подарок для коллеги?</strong></h3>
<p>Цветы способны поднять настроение, создать атмосферу радости и уюта в рабочем пространстве. Оформив заказ на букет для коллеги, вы можете выразить свою благодарность, уважение или просто сделать приятный сюрприз без повода. Цветофор предлагает цветы на каждый день, которые помогут вам сделать этот жест особенным.</p><br>
<h3><strong>Как оформить заказ?</strong></h3>
<p>Заказать букет для коллеги онлайн в %city% очень просто. Вам нужно всего лишь выбрать подходящий букет на сайте магазина Цветофор, добавить его в корзину и указать адрес доставки. Мы предлагаем быструю и аккуратную доставку, гарантируя, что цветы будут доставлены вовремя и в идеальном состоянии.</p><br>
<h3><strong>Выбор и качество: букеты для каждого</strong></h3>
<p>Наш ассортимент включает в себя разнообразие букетов, подходящих для любого вкуса и бюджета. От классических роз до экзотических орхидей &mdash; каждый букет собирается опытными флористами с использованием цветов высочайшего качества от проверенных производителей. При этом стоимость остается доступной, делая ваш подарок еще приятнее.</p><br>
<h3><strong>Доставка цветов: удобство и надежность</strong></h3>
<p>Магазина Цветофор обеспечивает не только широкий выбор букетов, но и удобную доставку по %city%. Заказать цветы для коллеги можно с доставкой на дом или прямо в офис, что особенно удобно для сюрпризов или поздравлений в рабочее время. Наша служба доставки работает быстро и аккуратно, чтобы каждый заказ был выполнен безупречно.</p><br>
<h3><strong>Цветофор: ваш выбор для подарков коллегам</strong></h3>
<p>Выбирая Цветофор для покупки букета для коллеги в %city%, вы выбираете качество, удобство и доступные цены. Наш сайт предлагает легкий процесс заказа и широкий ассортимент цветов, которые помогут вам выразить свои чувства и уважение к коллегам. Сделайте заказ уже сегодня, чтобы подарить радость и цвет вашему рабочему пространству.</p>"
/catalog/tags/populiarnoe,Популярные букеты цветов купить в %city% цветы для всех с доставкой на дом по цене Цветофора,"Заказать популярные букеты цветов в %city% онлайн с доставкой на дом. Заказать букет цветов самые ходовые недорого в %city%, стоимость на сайте интернет-магазина Цветофор",,Популярные букеты от Цветофора: выбор %city%,"<h3><strong>Откройте для себя ходовые цветы с доставкой на дом</strong></h3>
<p>В поисках идеального букета? Цветофор предлагает широкий выбор популярных и ходовых цветов, которые можно легко заказать онлайн и купить в %city% по недорогой цене. Наш интернет магазин гарантирует своевременную доставку на дом, делая процесс выбора и покупки цветов удобным и приятным.</p><br>
<h3><strong>Почему выбирают популярные букеты?</strong></h3>
<p>Популярные цветы всегда в тренде благодаря их универсальной красоте и способности подходить к любому случаю. Цветофор предлагает ассортимент ходовых букетов, которые пользуются особенным спросом среди жителей %city%. Каждый букет собирается из свежих цветов, поставляемых проверенными производителями, что гарантирует высокое качество и длительное сохранение свежести.</p><br>
<h3><strong>Как сделать заказ?</strong></h3>
<p>Заказать популярные цветы онлайн в %city% проще простого. На сайте магазина Цветофор вы найдете широкий выбор букетов на любой вкус и бюджет. Просто выберите понравившийся вам букет, добавьте его в корзину и укажите адрес доставки. Наша команда оперативно обработает ваш заказ и доставит его прямо на дом.</p><br>
<h3><strong>Цена и качество: доступные популярные букеты</strong></h3>
<p>Цветофор стремится предложить лучшее соотношение цены и качества. Наш интернет магазин работает напрямую с производителями, что позволяет нам предложить недорогие цены на популярные цветы без ущерба для качества. Вы можете купить великолепные букеты по доступной стоимости, не выходя из дома.</p><br>
<h3><strong>Доставка популярных букетов: быстро и надежно</strong></h3>
<p>Магазина Цветофор обеспечивает быструю и надежную доставку цветов на дом по всему %city%. Благодаря нашей службе доставки, популярные букеты будут доставлены вовремя и в отличном состоянии, радуя вас и ваших близких свежестью и красотой.</p><br>
<h3><strong>Цветофор: ваш выбор для покупки популярных цветов онлайн</strong></h3>
<p>Выбрав Цветофор, вы получаете не только доступ к широкому ассортименту популярных и ходовых букетов, но и высококлассный сервис доставки в %city%. Наш сайт предлагает удобный интерфейс для заказа, а команда профессионалов гарантирует, что каждый ваш заказ будет выполнен с заботой и вниманием к деталям. Заказывайте цветы онлайн с Цветофором и делитесь радостью с близкими каждый день!</p>"
/catalog/buket-iz-gerber-2/buket-iz-5-zhyoltyh-gerber-v-upakovke/CBU1000151,Букет из 5 жёлтых гербер в упаковке купить в %city% с доставкой недорого по цене Цветофора,Купить букет из 5 жёлтых гербер в упаковке в %city% с доставкой на дом. Букет из 5 жёлтых гербер в упаковке заказать недорого по цене интернет-магазина Цветофор,,Желтые герберы от Цветофора: солнечный букет для вас,"<h2><strong>Подарите радость с букетом из 5 желтых гербер</strong></h2>
<p>В мире цветов желтые герберы занимают особое место благодаря своей яркости и позитивному излучению. Интернет магазин Цветофор предлагает купить букет из 5 желтых гербер, упакованных с любовью и заботой, чтобы подарить радость и солнечное настроение вам или вашим близким. Эти цветы в %city% станут прекрасным подарком для любого случая, будь то день рождения, юбилей или просто как знак внимания без повода.</p>
<h3><strong>Почему желтые герберы так популярны?</strong></h3>
<p>Желтые герберы символизируют счастье, дружбу и позитивное начало. Букет из 5 гербер в яркой упаковке от Цветофора несет в себе искренние пожелания радости и благополучия. Популярность этих цветов не угасает благодаря их универсальности и способности поднимать настроение с первого взгляда.</p>
<h4>Как заказать букет на дом?</h4>
<p>Заказать букет из желтых гербер в %city% невероятно просто благодаря онлайн сервису Цветофор. Вам достаточно выбрать понравившийся букет на сайте магазина, указать адрес доставки, и наша команда обеспечит быструю и аккуратную доставку прямо к вашему порогу. Мы гарантируем, что каждый букет будет доставлен в идеальном состоянии, сохраняя свежесть и красоту цветов.</p>
<h3><strong>Цена и качество: доступные желтые герберы</strong></h3>
<p>Цветофор предлагает недорогие цены на букеты из желтых гербер, делая этот вариант доступным для каждого. Мы работаем напрямую с производителями, что позволяет нам поддерживать высокое качество цветов при умеренной стоимости. Ваш заказ будет собран опытными флористами, которые уделяют максимум внимания каждому букету.</p>
<h4>Доставка цветов: ваш букет в безопасности</h4>
<p>Магазин Цветофор заботится о том, чтобы доставка каждого букета из 5 желтых гербер проходила гладко и без задержек. Мы используем только надежные методы упаковки и доставки, чтобы гарантировать, что ваш подарок будет выглядеть так же свежо и красиво, как и в момент его создания.</p>
<h2><strong>Цветофор: идеальное место для покупки цветов онлайн</strong></h2>
<p>Выбирая Цветофор для заказа букета из желтых гербер в %city%, вы получаете не только качественные цветы по привлекательной цене, но и исключительный сервис. Наш интернет магазин предлагает широкий ассортимент популярных букетов для любого случая. Закажите онлайн и подарите частичку солнца с букетом из желтых гербер уже сегодня!</p>"
/catalog/bukety-iz-hrizantem/buket-gigant-iz-11-kustovyh-hrizantem/CBU1000095,Букет из 11 кустовых хризантем купить в %city% с доставкой недорого по цене Цветофора,Купить букет-гигант из 11 кустовых хризантем в %city% с доставкой на дом. Букет-гигант из 11 кустовых хризантем заказать недорого по цене интернет-магазина Цветофор,,Букет-гигант из кустовых хризантем: великолепие в каждом цветке,"<h2><strong>Подарите впечатление с букетом из 11 кустовых хризантем от Цветофора</strong></h2>
<p>Кустовые хризантемы, благодаря своей пышности и объему, создают невероятно впечатляющие букеты. Букет-гигант из 11 кустовых хризантем, предлагаемый интернет магазином Цветофор, является одним из самых популярных выборов среди жителей %city%. Этот букет не только поражает своим размером, но и дарит тепло и уют, делая его идеальным подарком для любого случая.</p>
<h3><strong>Почему стоит выбрать букет из кустовых хризантем?</strong></h3>
<p>Кустовые хризантемы отличаются своей долговечностью и красотой. Букет из 11 таких цветов станет настоящим украшением любого интерьера, добавляя яркие краски и позитивное настроение. Выбирая букет-гигант, вы подарите не только цветы, но и незабываемые впечатления.</p>
<h4>Как заказать доставку на дом?</h4>
<p>Заказать букет из кустовых хризантем в %city% очень просто благодаря удобному сайту интернет магазина Цветофор. Вам нужно всего лишь выбрать желаемый букет, добавить его в корзину и указать адрес доставки. Мы гарантируем, что ваш заказ будет доставлен вовремя, сохраняя свежесть и красоту букета.</p>
<h3><strong>Цена и качество: доступные букеты от Цветофора</strong></h3>
<p>Цветофор предлагает букеты из кустовых хризантем по привлекательным ценам, делая великолепные цветы доступными для каждого. Мы работаем напрямую с производителями, что позволяет нам поддерживать высокое качество цветов и предлагать их по конкурентоспособной стоимости.</p>
<h4>Быстрая и надежная доставка вашего букета</h4>
<p>Магазин Цветофор заботится о том, чтобы каждый букет был доставлен не только вовремя, но и в идеальном состоянии. Наша служба доставки аккуратно обращается с каждым заказом, гарантируя, что букет-гигант из кустовых хризантем порадует вас или ваших близких своей красотой и свежестью.</p>
<h2><strong>Цветофор: ваш выбор для покупки букета онлайн в %city%</strong></h2>
<p>Выбрав Цветофор, вы получаете не только доступ к широкому ассортименту популярных букетов, но и высококлассный сервис. Наш сайт предлагает удобный процесс заказа, а команда профессионалов гарантирует, что каждый ваш заказ будет выполнен с заботой и вниманием к деталям. Заказывайте букет из кустовых хризантем онлайн и делитесь красотой цветов с близкими.</p>"
/catalog/bukety-iz-hrizantem/buket-iz-11-zheltyh-hrizantem-baltika/CBU1000185,Букет из 11 желтых хризантем БАЛТИКА купить в %city% с доставкой недорого по цене Цветофора,Купить букет из 11 желтых хризантем БАЛТИКА в %city% с доставкой на дом. Букет из 11 желтых хризантем БАЛТИКА заказать недорого по цене интернет-магазина Цветофор,,"Желтые хризантемы ""Балтика"": солнечный букет от Цветофора
","<h2><strong>Подарите тепло с букетом из 11 желтых хризантем</strong></h2>
<p>Желтые хризантемы являются символом солнца, тепла и оптимизма. Букет из 11 желтых хризантем ""Балтика"", предложенный интернет магазином Цветофор, идеально подходит для того, чтобы подарить радость и свет любимым людям. Эти популярные цветы в %city% можно легко заказать онлайн и купить по привлекательной цене, обеспечив быструю и недорогую доставку прямо на дом.</p>
<h3><strong>Желтые хризантемы ""Балтика"": выбор солнечного настроения</strong></h3>
<p>Выбор желтых хризантем ""Балтика"" для вашего букета &mdash; это выбор яркости и позитива. Эти 11 хризантем не только красивы, но и долговечны, сохраняя свежесть и привлекательность на длительное время. Цветофор предлагает эти популярные цветы по доступной цене, делая ваш подарок еще более особенным.</p>
<h4>Как оформить заказ?</h4>
<p>Заказать букет из желтых хризантем ""Балтика"" в %city% через наш интернет магазин очень просто. Выберите желаемый букет на сайте Цветофор, добавьте его в корзину и укажите адрес доставки. Мы обеспечим надежную упаковку и своевременную доставку, чтобы вы могли насладиться красотой этих цветов в полной мере.</p>
<h3><strong>Доступность и качество: букеты от Цветофора</strong></h3>
<p>Цветофор гарантирует высокое качество каждого букета, работая напрямую с производителями цветов. Букет из 11 желтых хризантем ""Балтика"" предлагается по конкурентной стоимости, что делает ваш выбор не только красивым, но и экономически выгодным. Мы стремимся сделать процесс покупки цветов онлайн максимально удобным и доступным для каждого.</p>
<h4>Быстрая доставка: ваш букет всегда вовремя</h4>
<p>Магазин Цветофор заботится о том, чтобы доставка каждого букета была выполнена аккуратно и в срок. Ваш букет из желтых хризантем ""Балтика"" будет доставлен прямо на дом, радуя вас или ваших близких без задержек. Мы используем только проверенные методы доставки, гарантируя сохранность и свежесть цветов при получении.</p>
<h2><strong>Цветофор: ваш онлайн-магазин для заказа цветов в %city%</strong></h2>
<p>Выбирая Цветофор для покупки букета из желтых хризантем ""Балтика"", вы выбираете не только качество и доступность, но и удобство. Наш сайт предлагает легкий и понятный процесс заказа, позволяя вам подарить радость и красоту с помощью нескольких кликов. Заказывайте цветы онлайн и делитесь счастьем с близкими уже сегодня!</p>"
/catalog/buket-iz-gerber-2/buket-iz-gerber-rozovyj/CBU1000157,Букет из гербер розовый купить в %city% с доставкой недорого по цене Цветофора,Купить букет из гербер розовый в %city% с доставкой на дом. Букет из гербер розовый заказать недорого по цене на сайте интернет-магазина Цветофор,,Розовые герберы от Цветофора: нежность в каждом букете,"<h2><strong>Окунитесь в мир розовых гербер с доставкой на дом</strong></h2>
<p>Розовые герберы &mdash; символ нежности, милости и радости. Букет из розовых гербер, предложенный интернет магазином Цветофор, станет идеальным подарком для любого повода или просто чтобы выразить свои чувства. В %city% такой букет можно легко купить онлайн, воспользовавшись удобной доставкой на дом по недорогой цене.</p>
<h3><strong>Почему розовые герберы так популярны?</strong></h3>
<p>Розовые герберы любимы многими благодаря своей универсальной красоте и способности подходить к любому событию. Эти цветы могут выразить любовь, благодарность, поддержку или просто стать приятным сюрпризом без особого повода. Цветофор предлагает широкий выбор букетов из розовых гербер, собранных из свежайших цветов от проверенных производителей.</p>
<h4>Как сделать заказ?</h4>
<p>Заказать букет из розовых гербер в %city% через наш сайт очень просто. Выберите понравившийся букет на странице магазина Цветофор, добавьте его в корзину и укажите адрес доставки. Мы гарантируем, что ваш заказ будет выполнен аккуратно и доставлен прямо на дом в кратчайшие сроки.</p>
<h3><strong>Недорогие розовые герберы: качество по доступной цене</strong></h3>
<p>Цветофор предлагает розовые герберы по привлекательной стоимости, делая великолепные букеты доступными для каждого. Мы работаем напрямую с производителями, что позволяет нам предложить низкую цену без ущерба для качества. Ваш букет будет собран из самых свежих и качественных гербер, обеспечивая долговременное наслаждение их красотой.</p>
<h4>Доставка букетов: быстро, надежно, удобно</h4>
<p>Магазин Цветофор заботится о том, чтобы процесс доставки был максимально удобным и надежным. Ваш букет из розовых гербер будет доставлен прямо на дом или в офис, в любую точку %city%. Наша служба доставки гарантирует, что цветы прибудут в идеальном состоянии, радуя вас своей свежестью и красотой.</p>
<h2><strong>Цветофор: ваш источник розовых гербер онлайн</strong></h2>
<p>Выбрав Цветофор для покупки букета розовых гербер, вы получаете не только высококачественные цветы по доступной цене, но и высокий уровень обслуживания. Наш интернет магазин предлагает удобный способ заказа и широкий ассортимент букетов, чтобы вы могли найти идеальный вариант для любого случая. Заказывайте онлайн и делитесь красотой и нежностью розовых гербер с близкими.</p>"
catalog/bukety-iz-diantusov-3/buket-iz-25-diantusov-2/CBU1000164,Букет из 25 диантусов купить в %city% с доставкой недорого по цене Цветофора,Купить букет из 25 диантусов в %city% с доставкой на дом. Букет из 25 диантусов заказать недорого по цене на сайте интернет-магазина Цветофор,,Очарование диантусов: букет из 25 цветов от Цветофора,"<h2><strong>Закажите великолепие букета из 25 диантусов в %city%</strong></h2>
<p>Диантусы, известные также как гвоздики, являются одними из самых популярных цветов благодаря своей красоте, разнообразию оттенков и удивительной долговечности. Букет из 25 диантусов, предложенный интернет магазином Цветофор, станет идеальным подарком для любого события или просто как выражение ваших чувств. В %city% такой букет можно легко заказать онлайн и получить быструю доставку на дом по недорогой цене.</p>
<h3><strong>Почему диантусы так любимы?</strong></h3>
<p>Диантусы ценятся за их яркость и аромат, который может украсить любой день. Букет из 25 диантусов создает пышную и впечатляющую композицию, которая будет радовать глаз и душу. Цветофор предлагает широкий выбор этих прекрасных цветов по доступной цене, делая ваш подарок еще более особенным.</p>
<h4>Как сделать заказ?</h4>
<p>Оформление заказа на букет из 25 диантусов через сайт Цветофора в %city% происходит легко и удобно. Выберите желаемый букет, добавьте его в корзину, укажите адрес доставки, и наша команда обеспечит оперативную доставку прямо к вашему порогу. Мы гарантируем, что каждый букет будет доставлен в идеальном состоянии, сохраняя свежесть и красоту цветов.</p>
<h3><strong>Высокое качество и доступная стоимость</strong></h3>
<p>Цветофор работает напрямую с производителями диантусов, что позволяет нам предложить высококачественные цветы по конкурентоспособной цене. Букет из 25 диантусов станет не только великолепным подарком, но и выгодной покупкой. Мы стремимся сделать ваши покупки максимально приятными и доступными.</p>
<h4>Доставка букета: удобно и надежно</h4>
<p>Служба доставки Цветофора гарантирует, что ваш букет из 25 диантусов будет доставлен в %city% без задержек и в лучшем виде. Наша команда заботится о каждом заказе, обеспечивая быструю и аккуратную доставку прямо на дом или в офис.</p>
<h2><strong>Цветофор: ваш идеальный выбор для заказа цветов онлайн</strong></h2>
<p>Выбирая Цветофор для покупки букета из 25 диантусов, вы получаете не только красивые и качественные цветы, но и исключительный сервис. Наш интернет магазин предлагает удобный способ сделать заказ, широкий ассортимент цветов и гарантию своевременной доставки. Подарите радость себе или близким, заказав букет онлайн сегодня!</p>"
/catalog/bukety-iz-hrizantem/buket-iz-15-kustovyh-hrizantem-3/CBU1000098,Букет из 15 кустовых хризантем купить в %city% с доставкой недорого по цене Цветофора,Купить букет из 15 кустовых хризантем в %city% с доставкой на дом. Букет из 15 кустовых хризантем заказать недорого по цене на сайте интернет-магазина Цветофор,,Великолепие букета из 15 кустовых хризантем от Цветофора,"<h2><strong>Окружите себя красотой с букетом из хризантем</strong></h2>
<p>Кустовые хризантемы &mdash; одни из самых популярных цветов благодаря своей пышности, разнообразию цветов и долговечности. Букет из 15 кустовых хризантем, предложенный интернет магазином Цветофор, является идеальным выбором для тех, кто желает окружить себя или своих близких неповторимой красотой. В %city% такой букет можно легко купить онлайн, воспользовавшись удобной доставкой на дом по недорогой цене.</p>
<h3><strong>Почему выбирают кустовые хризантемы?</strong></h3>
<p>15 кустовых хризантем создают впечатляющую композицию, которая будет радовать вас своей свежестью и яркостью на протяжении долгого времени. Эти цветы известны своей устойчивостью и способностью оставаться свежими в вазе. Цветофор предлагает широкий выбор букетов из кустовых хризантем по доступной цене, делая ваш подарок еще более особенным.</p>
<h4>Как заказать букет на дом?</h4>
<p>Заказать букет из 15 кустовых хризантем в %city% очень просто благодаря удобному сайту Цветофора. Выберите желаемый букет, добавьте его в корзину, укажите адрес доставки, и наша команда обеспечит быструю доставку прямо к вашему порогу. Мы гарантируем, что каждый букет будет доставлен в идеальном состоянии, сохраняя свежесть и красоту цветов.</p>
<h3><strong>Доступные цены на кустовые хризантемы</strong></h3>
<p>Цветофор предлагает кустовые хризантемы по привлекательной стоимости, делая великолепные букеты доступными для каждого. Мы работаем напрямую с производителями, что позволяет нам предложить высококачественные цветы по конкурентоспособной цене. Ваш букет из 15 кустовых хризантем станет не только красивым, но и выгодным приобретением.</p>
<h4>Надежная доставка вашего букета</h4>
<p>Служба доставки Цветофора гарантирует, что ваш букет из 15 кустовых хризантем будет доставлен в %city% без задержек и в лучшем виде. Мы используем только проверенные методы доставки, гарантируя, что цветы прибудут в идеальном состоянии, радуя вас своей свежестью и красотой.</p>
<h2><strong>Цветофор: ваш онлайн-магазин для заказа цветов в %city%</strong></h2>
<p>Выбрав Цветофор для покупки букета из 15 кустовых хризантем, вы получаете не только прекрасные и качественные цветы, но и исключительный сервис. Наш интернет магазин предлагает удобный способ сделать заказ, широкий ассортимент букетов и гарантию своевременной доставки. Подарите радость себе или близким, заказав букет онлайн сегодня!</p>"
/catalog/buket-iz-gerber-2/buket-iz-9-zhyoltyh-gerber-s-zelenyu-v-upakovke/CBU1000170,Букет из 9 жёлтых гербер с зеленью в упаковке купить в %city% с доставкой недорого по цене Цветофора,Купить букет из 9 жёлтых гербер с зеленью в упаковке в %city% с доставкой на дом. Букет из 9 жёлтых гербер с зеленью в упаковке заказать недорого по цене на сайте интернет-магазина Цветофор,,Яркий акцент дня: букет из 9 желтых гербер от Цветофора,"<h2><strong>Подарите солнечное настроение с букетом желтых гербер</strong></h2>
<p>Герберы, благодаря своей яркости и разнообразию цветов, являются одними из самых популярных цветов для букетов. Букет из 9 желтых гербер с зеленью, предложенный интернет магазином Цветофор, несет в себе лучи солнца и радость, становясь идеальным выбором для любого повода. В %city% такой букет можно купить онлайн с быстрой доставкой на дом по недорогой цене.</p>
<h3><strong>Желтые герберы: символ оптимизма и счастья</strong></h3>
<p>9 желтых гербер в упаковке от Цветофора - это не только красивый, но и значимый подарок. Желтый цвет символизирует свет, тепло и позитив, делая этот букет идеальным способом выразить ваши чувства, поздравить с праздником или просто поднять настроение близкому человеку.</p>
<h4>Как оформить заказ?</h4>
<p>Оформить заказ на букет из 9 желтых гербер в %city% через сайт Цветофора очень просто. Достаточно выбрать этот великолепный букет, добавить его в корзину, указать адрес доставки, и наша команда обеспечит его доставку в кратчайшие сроки. Мы гарантируем, что цветы будут доставлены свежими и в прекрасной упаковке.</p>
<h3><strong>Великолепие по доступной цене</strong></h3>
<p>Цветофор предлагает букет из 9 желтых гербер по весьма привлекательной цене, делая возможным подарить чудесные эмоции без значительных расходов. Мы работаем напрямую с производителями, что позволяет нам предложить высокое качество цветов по доступной стоимости.</p>
<h4>Быстрая и аккуратная доставка</h4>
<p>Служба доставки Цветофора гарантирует, что ваш букет из 9 желтых гербер будет доставлен в %city% аккуратно и вовремя. Наша команда профессионалов обеспечивает безопасную упаковку и транспортировку букета, чтобы он прибыл в идеальном состоянии.</p>
<h2><strong>Цветофор: ваш надежный партнер в мире цветов онлайн</strong></h2>
<p>Выбирая Цветофор для покупки букета из 9 желтых гербер, вы выбираете не только качество и доступную цену, но и высокий уровень сервиса. Наш сайт предлагает удобный способ заказа и широкий ассортимент букетов на любой вкус и бюджет. Закажите свой букет онлайн и подарите радость близким уже сегодня!</p>"
/catalog/sbornye-bukety/buket-dlya-mamy/CBU1000161,Букет для мамы купить в %city% с доставкой недорого по цене Цветофора,Купить букет для мамы в %city% с доставкой на дом. Букет для мамы заказать недорого в %city% по цене на сайте интернет-магазина Цветофор,,Подарок от сердца: букет для мамы от Цветофора,"<h2><strong>Отдайте дань уважения самому дорогому человеку</strong></h2>
<p>Мама &ndash; это слово звучит гордо и тепло в сердце каждого из нас. Подарить букет цветов для мамы &ndash; значит выразить всю глубину своих чувств, благодарность и любовь. Интернет магазин Цветофор в %city% предлагает вам уникальную возможность купить идеальный букет для мамы онлайн с доставкой на дом по недорогой цене.</p>
<h3><strong>Великолепие выбора в Цветофоре</strong></h3>
<p>Выбор букета для мамы &ndash; дело тонкое и важное. Цветофор предлагает широкий ассортимент цветов, способных передать все то, что вы хотели бы сказать своей маме. От классических роз до экзотических орхидей, от нежных лилий до пышных кустовых хризантем &ndash; каждый букет собран с любовью и заботой, чтобы ваш подарок стал незабываемым.</p>
<h4>Как заказать?</h4>
<p>Заказать букет для мамы в %city% проще простого. Вам лишь нужно выбрать понравившийся букет на сайте Цветофора, добавить его в корзину, указать адрес доставки, и наша команда обеспечит оперативную доставку прямо на дом. Мы гарантируем, что каждый букет будет доставлен в идеальном состоянии, сохраняя свежесть и красоту цветов.</p>
<h3><strong>Доступность и качество: цветы по лучшей цене</strong></h3>
<p>Цветофор стремится сделать ваш выбор не только красивым, но и выгодным. Мы предлагаем букеты для мамы по привлекательной цене без ущерба для качества. Работая напрямую с производителями, мы гарантируем, что каждый цветок в букете будет свежим и долговечным, радуя вашу маму как можно дольше.</p>
<h4>Удобная и быстрая доставка</h4>
<p>Служба доставки Цветофора в %city% заботится о том, чтобы ваш подарок был доставлен точно в срок. Мы понимаем, насколько важен каждый момент, когда речь идет о подарке для мамы, и делаем все возможное, чтобы этот момент стал по-настоящему особенным.</p>
<h2><strong>Цветофор: там, где цветы говорят за вас</strong></h2>
<p>Выбирая Цветофор для покупки букета для мамы, вы выбираете надежность, качество и удобство. Наш интернет магазин предлагает не только широкий ассортимент цветов, но и высокий уровень сервиса. Закажите букет онлайн сегодня и подарите своей маме частичку своего сердца в виде великолепных цветов.</p>"
/catalog/bukety-iz-hrizantem/vesennij-buket-33/TMO1000025,,,,Весенний букет из кустовых хризантем: яркость в каждом цветке,"<h2><strong>Подарите весну с Цветофором</strong></h2>
<p>Приход весны &ndash; это время обновления и радости, а что может быть лучше, чем отметить его приход с букетом свежих цветов? Весенний букет из кустовых хризантем, доступный в интернет магазине Цветофор, станет идеальным подарком, чтобы привнести яркие краски и весеннее настроение в дом или офис. В %city% вы можете легко заказать эти популярные цветы онлайн с доставкой на дом по недорогой цене.</p>
<h3><strong>Почему кустовые хризантемы?</strong></h3>
<p>Кустовые хризантемы отличаются своей пышностью и долговечностью. Благодаря множеству мелких цветков на одном стебле, букет из кустовых хризантем выглядит объемным и нарядным. Цветофор предлагает широкий ассортимент этих цветов по доступной цене, делая ваш выбор еще более приятным и выгодным.</p>
<h4>Как заказать?</h4>
<p>Заказать весенний букет из кустовых хризантем в %city% проще простого. Перейдите на сайт Цветофора, выберите желаемый букет, добавьте его в корзину и укажите адрес доставки. Мы обеспечим оперативную доставку, чтобы вы могли насладиться свежестью цветов как можно скорее.</p>
<h3><strong>Доступные цены и высокое качество</strong></h3>
<p>В интернет магазине Цветофор вы найдете весенний букет из кустовых хризантем по весьма привлекательной цене. Мы работаем напрямую с производителями, что позволяет нам поддерживать высокое качество цветов и предлагать их по доступной стоимости. Ваш букет будет собран опытными флористами, которые уделяют максимум внимания каждому заказу.</p>
<h4>Быстрая и надежная доставка</h4>
<p>Служба доставки Цветофора гарантирует, что ваш букет из кустовых хризантем будет доставлен в %city% без задержек и в лучшем виде. Мы используем только проверенные методы доставки, гарантируя, что цветы прибудут в идеальном состоянии, радуя вас своей свежестью и красотой.</p>
<h2><strong>Цветофор: ваш выбор для покупки весенних цветов онлайн</strong></h2>
<p>Выбирая Цветофор для покупки весеннего букета из кустовых хризантем, вы выбираете не только качество и доступную цену, но и удобство. Наш сайт предлагает легкий процесс заказа и широкий ассортимент букетов на любой вкус и бюджет. Подарите себе или близким часть весны, заказав букет онлайн уже сегодня!</p>"
/catalog/bukety-iz-roz-ekvador/buket-iz-5-roz-playa-blanca/CBU1000036,Плая Бланка в %city% заказать букет из 5 роз Playa Blanca с доставкой по цене Цветофор,Купить розы Playa Blanca в %city% с доставкой недорого. Букет из 5 роз Плая Бланка заказать на дом дешево от производителя стоимость на сайте магазина Цветофор,"розы Playa Blanca, купить, %city%, доставка, недорого, цена, магазина, заказать, на дом, дешево, производитель, стоимость, сайт, интернет магазин",Букет из 5 роз Playa Blanca,
/catalog/bukety-iz-roz-ekvador/buket-penie-ptic-2/CBU1000153,15 роз Эквадор в %city% заказать букет с доставкой по цене Цветофор,Купить 15 роз Эквадор в %city% с доставкой недорого. Букет из 15 роз Эквадор заказать на дом дешево от производителя стоимость на сайте магазина Цветофор,"15 роз Эквадор, купить, %city%, доставка, недорого, цена, магазина, заказать, на дом, дешево, производитель, стоимость, сайт, интернет магазин","Букет ""Пение птиц""",
/catalog/bukety-iz-roz-ekvador/buket-kahala/CBU1000033,Роза Кахала в %city% купить букет цветов Эквадор с доставкой по цене Цветофор,Купить цветы сорта Кахала в %city% с доставкой недорого. Букет из роз Эквадор заказать на дом дешево от производителя стоимость на сайте магазина Цветофор,"Роза Кахала, купить, %city%, доставка, недорого, цена, магазина, заказать, на дом, дешево, производитель, стоимость, сайт, интернет магазин",Букет Кахала,
/catalog/bukety-iz-roz-ekvador/buket-iz-7-roz-ekvador/CBU1000044,7 роз Эквадор в %city% заказать букет цветов с доставкой по цене Цветофор,Купить 7 роз Эквадор в %city% с доставкой недорого. Букет из 7 роз Эквадор заказать на дом дешево от производителя стоимость на сайте магазина Цветофор,"7 роз Эквадор, купить, %city%, доставка, недорого, цена, магазина, заказать, на дом, дешево, производитель, стоимость, сайт, интернет магазин",Букет из 7 роз Эквадор,
/catalog/bukety-iz-roz-ekvador/buket-iz-19-roz-ekvador-2/CBU1000106,Букет роз 19 шт в %city% купить цветы с доставкой по цене Цветофор,Купить 19 роз Эквадор в %city% с доставкой недорого. Букет цветов 19 штук роз заказать на дом дешево от производителя стоимость на сайте магазина Цветофор,"19 роз, купить, %city%, доставка, недорого, цена, магазина, заказать, на дом, дешево, производитель, стоимость, сайт, интернет магазин",Букет из 19 роз Эквадор,
/catalog/bukety-iz-roz-ekvador/buket-iz-21-roza-ekvador/CBU1000057,21 роза Эквадор в %city% купить букет с доставкой по цене Цветофор,Купить 21 розу Эквадор в %city% с доставкой недорого. Букет из 21 розы заказать на дом дешево от производителя стоимость на сайте магазина Цветофор,"21 роза Эквадор, купить, %city%, доставка, недорого, цена, магазина, заказать, на дом, дешево, производитель, стоимость, сайт, интернет магазин",Букет из 21 роза Эквадор,
/catalog/bukety-iz-roz-ekvador/buket-iz-25-roz-ekvador/CBU1000053,25 роз Эквадор в %city% заказать букет с доставкой по цене Цветофор,Купить розы Эквадор 25 штук в %city% с доставкой недорого. Букет из 25 роз Эквадор заказать на дом дешево от производителя стоимость на сайте магазина Цветофор,"25 роза Эквадор, купить, %city%, доставка, недорого, цена, магазина, заказать, на дом, дешево, производитель, стоимость, сайт, интернет магазин",Букет из 25 роз Эквадор,
/catalog/bukety-iz-roz-ekvador/buket-saharnaya-pudra/CBU1000184,,,,,
/catalog/bukety-iz-roz-ekvador/buket-iz-27-roz-ekvador-2/CBU1000068,Букет из 27 роз в %city% купить букет с доставкой по цене Цветофор,Купить розы 27 штук в %city% с доставкой недорого. Букет из 27 роз Эквадор заказать на дом дешево от производителя стоимость на сайте магазина Цветофор,"Букет из 27 роз, купить, %city%, доставка, недорого, цена, магазина, заказать, на дом, дешево, производитель, стоимость, сайт, интернет магазин",Букет из 27 роз Эквадор,
/catalog/bukety-iz-roz-ekvador/buket-iz-29-roz-ekvador/CBU1000069,29 роз в %city% купить букет цветов с доставкой по цене Цветофор,Купить розы Эквадор 29 в %city% с доставкой недорого. Букет из 29 роз Эквадор заказать на дом дешево от производителя стоимость на сайте магазина Цветофор,"29 роз Эквадор, купить, %city%, доставка, недорого, цена, магазина, заказать, на дом, дешево, производитель, стоимость, сайт, интернет магазин",Букет из 29 роз Эквадор,
/catalog/bukety-iz-roz-ekvador/buket-priyatnoe-vpechatlenie/CBU1000154,Букет роз 11 штук в %city% купить с доставкой по цене Цветофор,Купить розы 11 штук в %city% с доставкой недорого. Букет из 11 роз заказать на дом дешево от производителя стоимость на сайте магазина Цветофор,"11 роз, купить, %city%, доставка, недорого, цена, магазина, заказать, на дом, дешево, производитель, стоимость, сайт, интернет магазин","Букет ""Приятное впечатление""",
/catalog/bukety-iz-roz-ekvador/buket-iz-31-rozy-ekvador/CBU1000052,31 роза в %city% купить букет с доставкой по цене Цветофор,Купить розы 31 штук в %city% с доставкой недорого. Букет из 31 розы заказать на дом дешево от производителя стоимость на сайте магазина Цветофор,"31 роза, купить, %city%, доставка, недорого, цена, магазина, заказать, на дом, дешево, производитель, стоимость, сайт, интернет магазин",Букет из 31 розы Эквадор,
/catalog/bukety-iz-roz-ekvador/buket-iz-49-roz-ekvador/CBU1000067,49 роз в %city% купить букет с доставкой по цене Цветофор,Купить розы 49 штук в %city% с доставкой недорого. Букет из 49 роз заказать на дом дешево от производителя стоимость на сайте магазина Цветофор,"49 роз, купить, %city%, доставка, недорого, цена, магазина, заказать, на дом, дешево, производитель, стоимость, сайт, интернет магазин",Букет из 49 роз Эквадор,
/catalog/bukety-iz-roz-ekvador/101-belaya-roza/CBU1000130,101 белая роза в %city% купить букет с доставкой по цене Цветофор,Купить белые розы 101 штука в %city% с доставкой недорого. Букет из 101 белой розы заказать на дом дешево от производителя узнать сколько стоит на сайте магазина Цветофор,,101 Белая роза,
/catalog/bukety-iz-roz-ekvador/101-rozovaya-roza/CBU1000133 ,101 розовая роза в %city% купить букет с доставкой по цене Цветофор,Купить розовые розы 101 штука в %city% с доставкой недорого. Букет из 101 розовой розы заказать на дом дешево от производителя узнать сколько стоит на сайте магазина Цветофор,,101 Розовая роза,
/catalog/bukety-iz-roz-ekvador/buket-iz-51-rozy-ekvador/CBU1000118,51 роза Эквадор в %city% купить букет с доставкой по цене Цветофор ,Купить розы Эквадор 51 штука в %city% с доставкой недорого. Букет из 51 розы Эквадор заказать на дом дешево от производителя узнать сколько стоит на сайте магазина Цветофор ,,Букет из 51 розы Эквадор,
/catalog/bukety-iz-roz-ekvador/101-roza-ekvador/CBU1000204,101 роза Эквадор в %city% купить букет с доставкой по цене Цветофор,Купить розы Эквадор 101 штука в %city% с доставкой недорого. Букет из 101 розы Эквадор заказать на дом дешево от производителя узнать сколько стоит на сайте магазина Цветофор,,101 роза Эквадор,
/catalog/bukety-iz-hrizantem/buket-iz-3-kustovyh-hrizantem-2/CBU1000097,3 кустовые хризантемы в %city% заказать букет с доставкой по цене Цветофор,Купить кустовые хризантемы 3 шт в %city% с доставкой недорого. Букет из 3 кустовых хризантем заказать на дом дешево от производителя узнать сколько стоит на сайте магазина Цветофор,,Букет из 3 кустовых хризантем,
/catalog/bukety-iz-hrizantem/buket-iz-5-kustovyh-hrizantem-2/CBU1000083,5 кустовых хризантем в %city% заказать букет с доставкой по цене Цветофор,Купить хризантема кустовая 5 штук в %city% с доставкой недорого. Букет из 5 кустовых хризантем заказать на дом дешево от производителя узнать сколько стоит на сайте магазина Цветофор,,Букет из 5 кустовых хризантем,
/catalog/bukety-iz-hrizantem/buket-iz-5-hrizantem-altaj/CBU1000140,Хризантема Алтай в %city% купить букет с доставкой по цене Цветофор,Купить хризантему сорта Алтай в %city% с доставкой недорого. Букет из хризантем Алтай заказать на дом дешево от производителя узнать сколько стоит на сайте магазина Цветофор,,Букет из 5 хризантем АЛТАЙ,
